1, 32T3K, 765, 201010100, 100080111
2, KTJJT, 220, 202010000, 1109000009
3, KK677, 28, 202010000, 1111040505
4, T55J5, 684, 301010000, 903030003
5, QQQJA, 483, 301010000, 1010100012
1, 32T3K, 765, 201010100, 100080111
2, KTJJT, 220, 202010000, 1108090908
3, KK677, 28, 202010000, 1111040505
4, T55J5, 684, 301010000, 803030903
5, QQQJA, 483, 301010000, 1010100912
1, 32T3K, 765, 201010100, 100080111
2, KTJJT, 220, 202010000, 1108090908
3, KK677, 28, 202010000, 1111040505
4, T55J5, 684, 301010000, 803030903
5, QQQJA, 483, 301010000, 1010100912
1, 32T3K, 765, 201010100, 100080111
2, KTJJT, 220, 202010000, 1109000009
3, KK677, 28, 202010000, 1111050606
4, T55J5, 684, 301010000, 904040004
5, QQQJA, 483, 301010000, 1010100012
1, 32T3K, 765, 201010100, 100080111
2, KTJJT, 220, 202010000, 1109000009
3, KK677, 28, 202010000, 1111050606
4, T55J5, 684, 301010000, 904040004
5, QQQJA, 483, 301010000, 1010100012
1, 32T3K, 765, 201010100, 201090211
2, KK677, 28, 202010000, 1111050606
3, T55J5, 684, 401000000, 904040004
4, QQQJA, 483, 401000000, 1010100012
5, KTJJT, 220, 401000000, 1109000009
1, 23T9K, 678, 101010101, 102090811
2, 24937, 575, 101010101, 103080206
3, 25469, 721, 101010101, 104030508
4, 26KQT, 978, 101010101, 105111009
5, 27598, 169, 101010101, 106040807
6, 2835Q, 309, 101010101, 107020410
7, 285AK, 196, 101010101, 107041211
8, 28QA6, 326, 101010101, 107101205
9, 2KQ83, 33, 101010101, 111100702
10, 325Q6, 422, 101010101, 201041005
11, 327Q6, 875, 101010101, 201061005
12, 37Q89, 342, 101010101, 206100708
13, 38245, 863, 101010101, 207010304
14, 3846T, 375, 101010101, 207030509
15, 3Q279, 682, 101010101, 210010608
16, 3A6K5, 49, 101010101, 212051104
17, 426K5, 5, 101010101, 301051104
18, 452T7, 277, 101010101, 304010906
19, 459K2, 463, 101010101, 304081101
20, 47T36, 261, 101010101, 306090205
21, 486TK, 358, 101010101, 307050911
22, 49KQT, 419, 101010101, 308111009
23, 4T672, 880, 101010101, 309050601
24, 4Q89A, 78, 101010101, 310070812
25, 4K6Q2, 413, 101010101, 311051001
26, 4A235, 394, 101010101, 312010204
27, 4A735, 791, 101010101, 312060204
28, 527KT, 765, 101010101, 401061109
29, 5384K, 989, 101010101, 402070311
30, 53TA4, 453, 101010101, 402091203
31, 53A4K, 246, 101010101, 402120311
32, 5643T, 157, 101010101, 405030209
33, 576TA, 76, 101010101, 406050912
34, 5827T, 665, 101010101, 407010609
35, 592KQ, 493, 101010101, 408011110
36, 59AQ6, 285, 101010101, 408121005
37, 5T432, 877, 101010101, 409030201
38, 5A6TK, 156, 101010101, 412050911
39, 63982, 913, 101010101, 502080701
40, 64K82, 238, 101010101, 503110701
41, 6593Q, 6, 101010101, 504080210
42, 67QT9, 374, 101010101, 506100908
43, 68597, 583, 101010101, 507040806
44, 692A8, 514, 101010101, 508011207
45, 69Q2A, 660, 101010101, 508100112
46, 69A3K, 142, 101010101, 508120211
47, 6T235, 816, 101010101, 509010204
48, 6TA94, 508, 101010101, 509120803
49, 6Q7TA, 137, 101010101, 510060912
50, 6K753, 690, 101010101, 511060402
51, 6KQ35, 543, 101010101, 511100204
52, 74K3Q, 286, 101010101, 603110210
53, 7534K, 426, 101010101, 604020311
54, 7569T, 292, 101010101, 604050809
55, 75K46, 651, 101010101, 604110305
56, 75A24, 75, 101010101, 604120103
57, 7634K, 905, 101010101, 605020311
58, 76Q53, 987, 101010101, 605100402
59, 78T36, 777, 101010101, 607090205
60, 79TA5, 199, 101010101, 608091204
61, 7T529, 135, 101010101, 609040108
62, 7T6K8, 412, 101010101, 609051107
63, 7QK25, 696, 101010101, 610110104
64, 82594, 41, 101010101, 701040803
65, 8273K, 303, 101010101, 701060211
66, 832TQ, 822, 101010101, 702010910
67, 83KQA, 312, 101010101, 702111012
68, 85637, 553, 101010101, 704050206
69, 8567K, 254, 101010101, 704050611
70, 87A4T, 308, 101010101, 706120309
71, 8K457, 965, 101010101, 711030406
72, 8A357, 762, 101010101, 712020406
73, 9365T, 627, 101010101, 802050409
74, 94A5T, 579, 101010101, 803120409
75, 958TQ, 248, 101010101, 804070910
76, 974QT, 604, 101010101, 806031009
77, 9Q638, 527, 101010101, 810050207
78, 9K43T, 487, 101010101, 811030209
79, 9K8QA, 674, 101010101, 811071012
80, 9KAT5, 547, 101010101, 811120904
81, T5429, 60, 101010101, 904030108
82, T5468, 289, 101010101, 904030507
83, T5Q23, 47, 101010101, 904100102
84, T79Q3, 44, 101010101, 906081002
85, T958K, 31, 101010101, 908040711
86, T974A, 533, 101010101, 908060312
87, TQ84A, 595, 101010101, 910070312
88, TKQ56, 923, 101010101, 911100405
89, Q362K, 839, 101010101, 1002050111
90, Q5487, 449, 101010101, 1004030706
91, Q7948, 429, 101010101, 1006080307
92, Q8K46, 474, 101010101, 1007110305
93, QT279, 537, 101010101, 1009010608
94, QT2A8, 92, 101010101, 1009011207
95, QK4T6, 356, 101010101, 1011030905
96, QA26K, 447, 101010101, 1012010511
97, K234Q, 798, 101010101, 1101020310
98, K26T9, 161, 101010101, 1101050908
99, K4368, 788, 101010101, 1103020507
100, K4Q56, 969, 101010101, 1103100405
101, K574Q, 478, 101010101, 1104060310
102, K6T59, 48, 101010101, 1105090408
103, K825Q, 151, 101010101, 1107010410
104, K86Q7, 430, 101010101, 1107051006
105, K9456, 311, 101010101, 1108030405
106, K96AQ, 548, 101010101, 1108051210
107, KT2A7, 451, 101010101, 1109011206
108, KQ435, 502, 101010101, 1110030204
109, KQT3A, 381, 101010101, 1110090212
110, KA948, 747, 101010101, 1112080307
111, A4T98, 560, 101010101, 1203090807
112, A8Q95, 555, 101010101, 1207100804
113, A92Q7, 167, 101010101, 1208011006
114, A978Q, 346, 101010101, 1208060710
115, AT97Q, 727, 101010101, 1209080610
116, AQ9TK, 929, 101010101, 1210080911
117, JJ7T9, 640, 201010100, 60908
118, J28K9, 187, 201010100, 1071108
119, J28AK, 421, 201010100, 1071211
120, J3KA2, 1, 201010100, 2111201
121, J425K, 568, 201010100, 3010411
122, J6JQK, 336, 201010100, 5001011
123, J6534, 489, 201010100, 5040203
124, J68TJ, 932, 201010100, 5070900
125, J7J2T, 828, 201010100, 6000109
126, J76TK, 968, 201010100, 6050911
127, J8J79, 687, 201010100, 7000608
128, J83J5, 518, 201010100, 7020004
129, J8643, 766, 201010100, 7050302
130, J894K, 10, 201010100, 7080311
131, J9JAQ, 245, 201010100, 8001210
132, JTJ73, 366, 201010100, 9000602
133, JT5A3, 251, 201010100, 9041202
134, JK3TQ, 293, 201010100, 11020910
135, JK6JT, 122, 201010100, 11050009
136, JAT87, 296, 201010100, 12090706
137, 2J8T3, 940, 201010100, 100070902
138, 22768, 633, 201010100, 101060507
139, 22Q35, 52, 201010100, 101100204
140, 24355, 963, 201010100, 103020404
141, 247Q2, 252, 201010100, 103061001
142, 25K8J, 441, 201010100, 104110700
143, 26942, 605, 201010100, 105080301
144, 272T4, 576, 201010100, 106010903
145, 29TQ2, 606, 201010100, 108091001
146, 2T535, 847, 201010100, 109040204
147, 2Q74Q, 928, 201010100, 110060310
148, 2KJTJ, 481, 201010100, 111000900
149, 2K267, 888, 201010100, 111010506
150, 2K59J, 68, 201010100, 111040800
151, 2A32T, 340, 201010100, 112020109
152, 322AQ, 671, 201010100, 201011210
153, 33QA5, 785, 201010100, 202101204
154, 343KT, 227, 201010100, 203021109
155, 34TTQ, 471, 201010100, 203090910
156, 353AK, 319, 201010100, 204021211
157, 36Q6K, 69, 201010100, 205100511
158, 37J94, 657, 201010100, 206000803
159, 3T4KK, 382, 201010100, 209031111
160, 3TQQ8, 625, 201010100, 209101007
161, 3KJ72, 919, 201010100, 211000601
162, 3KJQ9, 796, 201010100, 211001008
163, 3K873, 994, 201010100, 211070602
164, 4J3T9, 632, 201010100, 300020908
165, 4J5TA, 131, 201010100, 300040912
166, 425A2, 427, 201010100, 301041201
167, 4294Q, 53, 201010100, 301080310
168, 42Q99, 684, 201010100, 301100808
169, 42A9J, 473, 201010100, 301120800
170, 434A9, 842, 201010100, 302031208
171, 44297, 512, 201010100, 303010806
172, 4649A, 264, 201010100, 305030812
173, 46TJK, 953, 201010100, 305090011
174, 46K43, 934, 201010100, 305110302
175, 46K62, 64, 201010100, 305110501
176, 46A67, 920, 201010100, 305120506
177, 473K3, 899, 201010100, 306021102
178, 476T7, 711, 201010100, 306050906
179, 4823J, 125, 201010100, 307010200
180, 48Q9Q, 173, 201010100, 307100810
181, 494QA, 887, 201010100, 308031012
182, 49K9T, 333, 201010100, 308110809
183, 4T458, 501, 201010100, 309030407
184, 4K98K, 789, 201010100, 311080711
185, 4K9K2, 962, 201010100, 311081101
186, 4A5TT, 499, 201010100, 312040909
187, 5J947, 955, 201010100, 400080306
188, 5J96T, 280, 201010100, 400080509
189, 52827, 570, 201010100, 401070106
190, 53Q5A, 79, 201010100, 402100412
191, 56J28, 598, 201010100, 405000107
192, 56JK7, 667, 201010100, 405001106
193, 565K9, 910, 201010100, 405041108
194, 58J29, 935, 201010100, 407000108
195, 58AJ2, 753, 201010100, 407120001
196, 5952K, 900, 201010100, 408040111
197, 59QJ2, 416, 201010100, 408100001
198, 59Q33, 364, 201010100, 408100202
199, 5QKK6, 852, 201010100, 410111105
200, 5K4KT, 233, 201010100, 411031109
201, 5A453, 906, 201010100, 412030402
202, 5A6Q5, 14, 201010100, 412051004
203, 6J39J, 957, 201010100, 500020800
204, 6J48T, 578, 201010100, 500030709
205, 6JQ73, 224, 201010100, 500100602
206, 62J8K, 976, 201010100, 501000711
207, 62JKT, 815, 201010100, 501001109
208, 627QQ, 305, 201010100, 501061010
209, 62ATT, 270, 201010100, 501120909
210, 63577, 39, 201010100, 502040606
211, 65JK4, 510, 201010100, 504001103
212, 65JKT, 377, 201010100, 504001109
213, 6549J, 525, 201010100, 504030800
214, 66Q23, 148, 201010100, 505100102
215, 672KJ, 480, 201010100, 506011100
216, 67454, 717, 201010100, 506030403
217, 67A47, 217, 201010100, 506120306
218, 68QKQ, 213, 201010100, 507101110
219, 69J37, 132, 201010100, 508000206
220, 69632, 298, 201010100, 508050201
221, 6965Q, 168, 201010100, 508050410
222, 69755, 89, 201010100, 508060404
223, 6T75T, 552, 201010100, 509060409
224, 6Q5JA, 985, 201010100, 510040012
225, 6Q878, 774, 201010100, 510070607
226, 6Q8K6, 802, 201010100, 510071105
227, 7J4T6, 775, 201010100, 600030905
228, 72479, 387, 201010100, 601030608
229, 73243, 152, 201010100, 602010302
230, 74AJJ, 773, 201010100, 603120000
231, 757Q4, 30, 201010100, 604061003
232, 75A76, 693, 201010100, 604120605
233, 79J6J, 84, 201010100, 608000500
234, 7TA4J, 62, 201010100, 609120300
235, 7QJAJ, 961, 201010100, 610001200
236, 7Q939, 266, 201010100, 610080208
237, 7QK27, 506, 201010100, 610110106
238, 7A579, 642, 201010100, 612040608
239, 7AAQ6, 636, 201010100, 612121005
240, 8J29Q, 523, 201010100, 700010810
241, 8J472, 895, 201010100, 700030601
242, 824J5, 938, 201010100, 701030004
243, 82QTQ, 939, 201010100, 701100910
244, 832TT, 221, 201010100, 702010909
245, 832KK, 484, 201010100, 702011111
246, 83TTA, 982, 201010100, 702090912
247, 842J9, 455, 201010100, 703010008
248, 845AA, 38, 201010100, 703041212
249, 84722, 428, 201010100, 703060101
250, 84QJ9, 867, 201010100, 703100008
251, 869J7, 83, 201010100, 705080006
252, 878T5, 509, 201010100, 706070904
253, 889T5, 922, 201010100, 707080904
254, 8TJ3K, 202, 201010100, 709000211
255, 8T7TQ, 611, 201010100, 709060910
256, 8Q7JT, 328, 201010100, 710060009
257, 8Q77T, 351, 201010100, 710060609
258, 8QA5A, 200, 201010100, 710120412
259, 8A334, 127, 201010100, 712020203
260, 8AAT3, 771, 201010100, 712120902
261, 9JTQ3, 819, 201010100, 800091002
262, 929Q7, 626, 201010100, 801081006
263, 92A77, 459, 201010100, 801120606
264, 938AA, 70, 201010100, 802071212
265, 94223, 666, 201010100, 803010102
266, 95JQ4, 498, 201010100, 804001003
267, 96892, 803, 201010100, 805070801
268, 982Q9, 181, 201010100, 807011008
269, 98459, 91, 201010100, 807030408
270, 9962T, 672, 201010100, 808050109
271, 9964Q, 715, 201010100, 808050310
272, 996Q5, 113, 201010100, 808051004
273, 99A28, 395, 201010100, 808120107
274, 9Q7TJ, 556, 201010100, 810060900
275, 9K9A4, 897, 201010100, 811081203
276, TJA9J, 423, 201010100, 900120800
277, T2889, 609, 201010100, 901070708
278, T355Q, 149, 201010100, 902040410
279, T3949, 756, 201010100, 902080308
280, T4322, 550, 201010100, 903020101
281, T4885, 353, 201010100, 903070704
282, T4T59, 400, 201010100, 903090408
283, T6343, 623, 201010100, 905020302
284, T6856, 538, 201010100, 905070405
285, T6TK4, 265, 201010100, 905091103
286, T6Q2Q, 720, 201010100, 905100110
287, T8JJQ, 573, 201010100, 907000010
288, T829T, 744, 201010100, 907010809
289, T8669, 410, 201010100, 907050508
290, T878Q, 253, 201010100, 907060710
291, T8Q6J, 479, 201010100, 907100500
292, T9J8J, 893, 201010100, 908000700
293, T9JQ4, 126, 201010100, 908001003
294, TAK9K, 967, 201010100, 912110811
295, QJ2K4, 813, 201010100, 1000011103
296, Q3J8J, 396, 201010100, 1002000700
297, Q3A6A, 274, 201010100, 1002120512
298, Q5939, 504, 201010100, 1004080208
299, Q75T5, 898, 201010100, 1006040904
300, Q9KQT, 269, 201010100, 1008111009
301, QK23J, 599, 201010100, 1011010200
302, QK6J5, 111, 201010100, 1011050004
303, QA688, 559, 201010100, 1012050707
304, QA7JK, 460, 201010100, 1012060011
305, QAQT5, 629, 201010100, 1012100904
306, KJ3T9, 947, 201010100, 1100020908
307, KJT45, 65, 201010100, 1100090304
308, K224T, 912, 201010100, 1101010309
309, K3K87, 415, 201010100, 1102110706
310, K4828, 15, 201010100, 1103070107
311, K4T48, 820, 201010100, 1103090307
312, K55QA, 681, 201010100, 1104041012
313, K5T22, 646, 201010100, 1104090101
314, K9474, 670, 201010100, 1108030603
315, K9849, 257, 201010100, 1108070308
316, KTJ82, 864, 201010100, 1109000701
317, KQ9Q4, 505, 201010100, 1110081003
318, KQK74, 195, 201010100, 1110110603
319, KKQ68, 438, 201010100, 1111100507
320, KA8K7, 101, 201010100, 1112071106
321, AJ3Q9, 160, 201010100, 1200021008
322, A25Q5, 9, 201010100, 1201041004
323, A3Q44, 520, 201010100, 1202100303
324, A438J, 166, 201010100, 1203020700
325, A45A6, 927, 201010100, 1203041205
326, A52K5, 692, 201010100, 1204011104
327, A5T25, 97, 201010100, 1204090104
328, A7457, 294, 201010100, 1206030406
329, A78QA, 571, 201010100, 1206071012
330, A964J, 371, 201010100, 1208050300
331, A97KJ, 926, 201010100, 1208061100
332, ATJKQ, 767, 201010100, 1209001110
333, AT997, 628, 201010100, 1209080806
334, AQKJ3, 279, 201010100, 1210110002
335, AQKJ9, 909, 201010100, 1210110008
336, AQKQ6, 21, 201010100, 1210111005
337, AKJ83, 100, 201010100, 1211000702
338, 22366, 158, 202010000, 101020505
339, 22QTT, 114, 202010000, 101100909
340, 2552Q, 694, 202010000, 104040110
341, 288Q2, 825, 202010000, 107071001
342, 29923, 222, 202010000, 108080102
343, 29924, 414, 202010000, 108080103
344, 2TT33, 911, 202010000, 109090202
345, 2KK55, 405, 202010000, 111110404
346, 2A26A, 907, 202010000, 112010512
347, 2A2KA, 849, 202010000, 112011112
348, 32442, 530, 202010000, 201030301
349, 33977, 263, 202010000, 202080606
350, 373K7, 85, 202010000, 206021106
351, 3QQ44, 433, 202010000, 210100303
352, 3K8K8, 881, 202010000, 211071107
353, 3A9A3, 431, 202010000, 212081202
354, 42AA2, 35, 202010000, 301121201
355, 43423, 436, 202010000, 302030102
356, 447AA, 241, 202010000, 303061212
357, 448T8, 607, 202010000, 303070907
358, 44A3A, 956, 202010000, 303120212
359, 45A4A, 386, 202010000, 304120312
360, 4774A, 370, 202010000, 306060312
361, 49797, 363, 202010000, 308060806
362, 49848, 951, 202010000, 308070307
363, 4Q774, 866, 202010000, 310060603
364, 52992, 372, 202010000, 401080801
365, 53232, 821, 202010000, 402010201
366, 55223, 192, 202010000, 404010102
367, 552TT, 513, 202010000, 404010909
368, 55667, 686, 202010000, 404050506
369, 55A77, 369, 202010000, 404120606
370, 57567, 635, 202010000, 406040506
371, 5QQAA, 645, 202010000, 410101212
372, 5KTK5, 872, 202010000, 411091104
373, 6446K, 150, 202010000, 503030511
374, 64747, 661, 202010000, 503060306
375, 65695, 980, 202010000, 504050804
376, 66899, 223, 202010000, 505070808
377, 66922, 488, 202010000, 505080101
378, 66AA4, 539, 202010000, 505121203
379, 67272, 434, 202010000, 506010601
380, 676T7, 931, 202010000, 506050906
381, 6TKT6, 643, 202010000, 509110905
382, 6A77A, 585, 202010000, 512060612
383, 74455, 792, 202010000, 603030404
384, 75579, 621, 202010000, 604040608
385, 75588, 673, 202010000, 604040707
386, 76886, 892, 202010000, 605070705
387, 77232, 175, 202010000, 606010201
388, 773T3, 325, 202010000, 606020902
389, 799AA, 379, 202010000, 608081212
390, 7K79K, 542, 202010000, 611060811
391, 7A7KK, 94, 202010000, 612061111
392, 83KK3, 562, 202010000, 702111102
393, 84383, 19, 202010000, 703020702
394, 85K8K, 930, 202010000, 704110711
395, 87728, 331, 202010000, 706060107
396, 88262, 772, 202010000, 707010501
397, 883Q3, 749, 202010000, 707021002
398, 88544, 751, 202010000, 707040303
399, 88577, 288, 202010000, 707040606
400, 88AA7, 404, 202010000, 707121206
401, 8T8QT, 704, 202010000, 709071009
402, 8A282, 297, 202010000, 712010701
403, 8A5A5, 95, 202010000, 712041204
404, 8AA66, 941, 202010000, 712120505
405, 92669, 344, 202010000, 801050508
406, 95A59, 495, 202010000, 804120408
407, 97397, 155, 202010000, 806020806
408, 98298, 408, 202010000, 807010807
409, 99QQ6, 348, 202010000, 808101005
410, 99A2A, 174, 202010000, 808120112
411, 99AQA, 327, 202010000, 808121012
412, 9T22T, 944, 202010000, 809010109
413, 9T988, 420, 202010000, 809080707
414, 9TQ9Q, 601, 202010000, 809100810
415, 9Q9KK, 639, 202010000, 810081111
416, T335T, 115, 202010000, 902020409
417, T48T4, 587, 202010000, 903070903
418, T4QTQ, 776, 202010000, 903100910
419, T55T3, 28, 202010000, 904040902
420, T55QT, 577, 202010000, 904041009
421, T656T, 376, 202010000, 905040509
422, T7272, 250, 202010000, 906010601
423, T7T7Q, 754, 202010000, 906090610
424, T9559, 81, 202010000, 908040408
425, TT737, 212, 202010000, 909060206
426, TT7QQ, 73, 202010000, 909061010
427, TT887, 259, 202010000, 909070706
428, TTK77, 275, 202010000, 909110606
429, TKT99, 768, 202010000, 911090808
430, Q4Q24, 536, 202010000, 1003100103
431, Q4Q64, 384, 202010000, 1003100503
432, Q4Q77, 462, 202010000, 1003100606
433, Q577Q, 868, 202010000, 1004060610
434, Q6Q6T, 102, 202010000, 1005100509
435, Q99Q3, 564, 202010000, 1008081002
436, Q9KKQ, 197, 202010000, 1008111110
437, QTT6Q, 810, 202010000, 1009090510
438, QQ366, 837, 202010000, 1010020505
439, QQ733, 338, 202010000, 1010060202
440, QQ767, 341, 202010000, 1010060506
441, QQ99A, 229, 202010000, 1010080812
442, QAKKQ, 534, 202010000, 1012111110
443, K55K3, 532, 202010000, 1104041102
444, K5QK5, 566, 202010000, 1104101104
445, K5AKA, 701, 202010000, 1104121112
446, K66KT, 975, 202010000, 1105051109
447, K8282, 862, 202010000, 1107010701
448, KQ2K2, 350, 202010000, 1110011101
449, KQ77Q, 107, 202010000, 1110060610
450, KAAKT, 580, 202010000, 1112121109
451, A22TA, 680, 202010000, 1201010912
452, A5A33, 32, 202010000, 1204120202
453, A6AK6, 883, 202010000, 1205121105
454, A73A3, 933, 202010000, 1206021202
455, A74A7, 984, 202010000, 1206031206
456, A7A7T, 890, 202010000, 1206120609
457, A8Q8A, 698, 202010000, 1207100712
458, A8A22, 283, 202010000, 1207120101
459, A99AK, 497, 202010000, 1208081211
460, ATA8T, 615, 202010000, 1209120709
461, AK33K, 247, 202010000, 1211020211
462, AKA7K, 322, 202010000, 1211120611
463, AA266, 476, 202010000, 1212010505
464, AA44K, 2, 202010000, 1212030311
465, JJ4J2, 517, 301010000, 30001
466, J228A, 345, 301010000, 1010712
467, J4423, 1000, 301010000, 3030102
468, J474Q, 904, 301010000, 3060310
469, J49A9, 503, 301010000, 3081208
470, J4Q4A, 769, 301010000, 3100312
471, J655A, 656, 301010000, 5040412
472, J6747, 469, 301010000, 5060306
473, J8559, 40, 301010000, 7040408
474, J8577, 827, 301010000, 7040606
475, J8A2A, 228, 301010000, 7120112
476, J98Q8, 921, 301010000, 8071007
477, JT886, 903, 301010000, 9070705
478, JQ9Q6, 529, 301010000, 10081005
479, JQAA8, 323, 301010000, 10121207
480, JK787, 74, 301010000, 11060706
481, JA5KA, 942, 301010000, 12041112
482, JATT4, 589, 301010000, 12090903
483, 2J2TQ, 392, 301010000, 100010910
484, 2J779, 824, 301010000, 100060608
485, 22267, 750, 301010000, 101010506
486, 2228Q, 27, 301010000, 101010710
487, 22392, 214, 301010000, 101020801
488, 22582, 706, 301010000, 101040701
489, 226A2, 194, 301010000, 101051201
490, 228JK, 466, 301010000, 101070011
491, 22T29, 468, 301010000, 101090108
492, 22K26, 442, 301010000, 101110105
493, 22A32, 25, 301010000, 101120201
494, 25229, 4, 301010000, 104010108
495, 25K2J, 424, 301010000, 104110100
496, 26TTT, 439, 301010000, 105090909
497, 272K2, 140, 301010000, 106011101
498, 2T555, 45, 301010000, 109040404
499, 2QQQA, 398, 301010000, 110101012
500, 2A555, 448, 301010000, 112040404
501, 3JTTQ, 588, 301010000, 200090910
502, 3JA3Q, 368, 301010000, 200120210
503, 32337, 705, 301010000, 201020206
504, 324J3, 590, 301010000, 201030002
505, 33738, 361, 301010000, 202060207
506, 337QJ, 397, 301010000, 202061000
507, 33823, 273, 301010000, 202070102
508, 33K36, 737, 301010000, 202110205
509, 34QJQ, 878, 301010000, 203100010
510, 36QQQ, 545, 301010000, 205101010
511, 37JQQ, 129, 301010000, 206001010
512, 38AJ8, 703, 301010000, 207120007
513, 38AAJ, 98, 301010000, 207121200
514, 39334, 685, 301010000, 208020203
515, 393T3, 675, 301010000, 208020902
516, 3TJ43, 55, 301010000, 209000302
517, 3TJ8T, 637, 301010000, 209000709
518, 3T33K, 450, 301010000, 209020211
519, 3K3J5, 759, 301010000, 211020004
520, 3A373, 179, 301010000, 212020602
521, 3AA7A, 832, 301010000, 212120612
522, 4J274, 870, 301010000, 300010603
523, 4JKK5, 613, 301010000, 300111104
524, 433J9, 411, 301010000, 302020008
525, 44456, 723, 301010000, 303030405
526, 44945, 650, 301010000, 303080304
527, 464A4, 584, 301010000, 305031203
528, 46626, 190, 301010000, 305050105
529, 474A4, 918, 301010000, 306031203
530, 484J3, 26, 301010000, 307030002
531, 49J48, 714, 301010000, 308000307
532, 4T5TT, 728, 301010000, 309040909
533, 4KJK9, 188, 301010000, 311001108
534, 4AA2J, 171, 301010000, 312120100
535, 554Q5, 655, 301010000, 404031004
536, 55754, 470, 301010000, 404060403
537, 5575Q, 664, 301010000, 404060410
538, 575J6, 954, 301010000, 406040005
539, 57535, 236, 301010000, 406040204
540, 58988, 46, 301010000, 407080707
541, 5935J, 848, 301010000, 408020400
542, 5T95J, 255, 301010000, 409080400
543, 5TKTJ, 808, 301010000, 409110900
544, 5Q666, 943, 301010000, 410050505
545, 6J343, 176, 301010000, 500020302
546, 6J545, 964, 301010000, 500040304
547, 6J833, 990, 301010000, 500070202
548, 6JQQ8, 218, 301010000, 500101007
549, 6JK7K, 163, 301010000, 500110611
550, 6JA46, 56, 301010000, 500120305
551, 63667, 295, 301010000, 502050506
552, 63686, 959, 301010000, 502050705
553, 64766, 554, 301010000, 503060505
554, 65646, 843, 301010000, 504050305
555, 65668, 986, 301010000, 504050507
556, 66J85, 790, 301010000, 505000704
557, 66596, 535, 301010000, 505040805
558, 6672J, 201, 301010000, 505060100
559, 668J7, 440, 301010000, 505070006
560, 67773, 130, 301010000, 506060602
561, 67787, 226, 301010000, 506060706
562, 687J8, 541, 301010000, 507060007
563, 7JK57, 885, 301010000, 600110406
564, 7JA3A, 854, 301010000, 600120212
565, 72757, 184, 301010000, 601060406
566, 7666A, 232, 301010000, 605050512
567, 77JAT, 973, 301010000, 606001209
568, 7727Q, 301, 301010000, 606010610
569, 777K5, 314, 301010000, 606061104
570, 7847J, 644, 301010000, 607030600
571, 79737, 12, 301010000, 608060206
572, 79QQQ, 204, 301010000, 608101010
573, 7A737, 108, 301010000, 612060206
574, 7A747, 90, 301010000, 612060306
575, 8JT33, 855, 301010000, 700090202
576, 88A86, 619, 301010000, 707120705
577, 8T889, 763, 301010000, 709070708
578, 8QJQ4, 558, 301010000, 710001003
579, 8KJ48, 42, 301010000, 711000307
580, 8K82J, 146, 301010000, 711070100
581, 8K887, 128, 301010000, 711070706
582, 9J66A, 208, 301010000, 800050512
583, 92399, 569, 301010000, 801020808
584, 92555, 783, 301010000, 801040404
585, 92994, 811, 301010000, 801080803
586, 929K9, 612, 301010000, 801081108
587, 9399Q, 457, 301010000, 802080810
588, 93TTT, 209, 301010000, 802090909
589, 95993, 676, 301010000, 804080802
590, 96299, 712, 301010000, 805010808
591, 9666A, 203, 301010000, 805050512
592, 97499, 917, 301010000, 806030808
593, 979K9, 806, 301010000, 806081108
594, 98299, 914, 301010000, 807010808
595, 98599, 799, 301010000, 807040808
596, 9992Q, 794, 301010000, 808080110
597, 999T2, 446, 301010000, 808080901
598, 999Q6, 24, 301010000, 808081005
599, 999QT, 77, 301010000, 808081009
600, 99Q9A, 838, 301010000, 808100812
601, 9T7J7, 318, 301010000, 809060006
602, 9Q4QQ, 748, 301010000, 810031010
603, 9QQ4J, 950, 301010000, 810100300
604, 9K3KK, 836, 301010000, 811021111
605, 9KA99, 302, 301010000, 811120808
606, TJ544, 782, 301010000, 900040303
607, T4TKT, 856, 301010000, 903091109
608, T57TJ, 992, 301010000, 904060900
609, T5999, 37, 301010000, 904080808
610, T5ATJ, 958, 301010000, 904120900
611, T6J2T, 507, 301010000, 905000109
612, T78JT, 454, 301010000, 906070009
613, T7T3T, 183, 301010000, 906090209
614, T8TTA, 996, 301010000, 907090912
615, TTJ45, 483, 301010000, 909000304
616, TT24T, 133, 301010000, 909010309
617, TT83T, 977, 301010000, 909070209
618, TT89T, 586, 301010000, 909070809
619, TTTK6, 219, 301010000, 909091105
620, TTAT6, 206, 301010000, 909120905
621, TQQJ3, 282, 301010000, 910100002
622, TAJA2, 998, 301010000, 912001201
623, TA22J, 688, 301010000, 912010100
624, TA9JT, 367, 301010000, 912080009
625, TAAA2, 307, 301010000, 912121201
626, QJ556, 80, 301010000, 1000040405
627, QJKQ8, 730, 301010000, 1000111007
628, Q2JQ6, 109, 301010000, 1001001005
629, Q44JT, 567, 301010000, 1003030009
630, Q55T5, 695, 301010000, 1004040904
631, Q6466, 719, 301010000, 1005030505
632, Q668J, 946, 301010000, 1005050700
633, Q78QQ, 983, 301010000, 1006071010
634, Q7K77, 417, 301010000, 1006110606
635, Q8858, 602, 301010000, 1007070407
636, Q8886, 853, 301010000, 1007070705
637, Q8Q5Q, 177, 301010000, 1007100410
638, Q9Q5Q, 120, 301010000, 1008100410
639, QT6TT, 324, 301010000, 1009050909
640, QQ8QK, 162, 301010000, 1010071011
641, QQ9QA, 924, 301010000, 1010081012
642, QQQ28, 758, 301010000, 1010100107
643, QQAKQ, 937, 301010000, 1010121110
644, QK3QQ, 234, 301010000, 1011021010
645, QKQQ5, 600, 301010000, 1011101004
646, QAJA9, 778, 301010000, 1012001208
647, QAQ8Q, 631, 301010000, 1012100710
648, QAQQ5, 522, 301010000, 1012101004
649, QAAA4, 407, 301010000, 1012121203
650, KJ8QK, 846, 301010000, 1100071011
651, KJK4A, 732, 301010000, 1100110312
652, K23KK, 485, 301010000, 1101021111
653, K43KK, 858, 301010000, 1103021111
654, K47JK, 185, 301010000, 1103060011
655, K4KJ3, 93, 301010000, 1103110002
656, K4A44, 787, 301010000, 1103120303
657, K55J7, 826, 301010000, 1104040006
658, K59KK, 178, 301010000, 1104081111
659, K8Q88, 653, 301010000, 1107100707
660, KTJT3, 262, 301010000, 1109000902
661, KT2J2, 659, 301010000, 1109010001
662, KK4K8, 818, 301010000, 1111031107
663, KK5K6, 154, 301010000, 1111041105
664, KK63K, 521, 301010000, 1111050211
665, KK72K, 662, 301010000, 1111060111
666, A4J77, 718, 301010000, 1203000606
667, A5755, 54, 301010000, 1204060404
668, A5Q55, 779, 301010000, 1204100404
669, A6686, 385, 301010000, 1205050705
670, A87AA, 648, 301010000, 1207061212
671, A88Q8, 722, 301010000, 1207071007
672, A8A6A, 186, 301010000, 1207120512
673, A9J8A, 334, 301010000, 1208000712
674, A9799, 708, 301010000, 1208060808
675, AK8JK, 11, 301010000, 1211070011
676, AK9JA, 17, 301010000, 1211080012
677, AA96A, 357, 301010000, 1212080512
678, JJ33J, 281, 302000000, 20200
679, J2T2T, 544, 302000000, 1090109
680, J3399, 616, 302000000, 2020808
681, J5995, 287, 302000000, 4080804
682, J7A7A, 971, 302000000, 6120612
683, J99TT, 814, 302000000, 8080909
684, JQ88Q, 677, 302000000, 10070710
685, JK2K2, 216, 302000000, 11011101
686, JKAAK, 170, 302000000, 11121211
687, JA2A2, 859, 302000000, 12011201
688, 2J288, 403, 302000000, 100010707
689, 22QQ2, 528, 302000000, 101101001
690, 23323, 36, 302000000, 102020102
691, 26262, 702, 302000000, 105010501
692, 27J27, 147, 302000000, 106000106
693, 28288, 689, 302000000, 107010707
694, 29292, 549, 302000000, 108010801
695, 2992J, 707, 302000000, 108080100
696, 2Q2QQ, 72, 302000000, 110011010
697, 2KK2K, 764, 302000000, 111110111
698, 33QJQ, 153, 302000000, 202100010
699, 33Q3Q, 740, 302000000, 202100210
700, 35335, 515, 302000000, 204020204
701, 38383, 211, 302000000, 207020702
702, 3TT3T, 894, 302000000, 209090209
703, 3KKK3, 699, 302000000, 211111102
704, 42J24, 697, 302000000, 301000103
705, 43J34, 745, 302000000, 302000203
706, 44242, 330, 302000000, 303010301
707, 44333, 96, 302000000, 303020202
708, 44433, 582, 302000000, 303030202
709, 44664, 974, 302000000, 303050503
710, 44848, 134, 302000000, 303070307
711, 44TTT, 760, 302000000, 303090909
712, 44QQJ, 795, 302000000, 303101000
713, 45455, 7, 302000000, 304030404
714, 47474, 258, 302000000, 306030603
715, 47477, 784, 302000000, 306030606
716, 477J4, 378, 302000000, 306060003
717, 4AJA4, 960, 302000000, 312001203
718, 5J533, 119, 302000000, 400040202
719, 54544, 844, 302000000, 403040303
720, 56566, 268, 302000000, 405040505
721, 57575, 891, 302000000, 406040604
722, 585J8, 180, 302000000, 407040007
723, 5Q5Q5, 972, 302000000, 410041004
724, 6J868, 691, 302000000, 500070507
725, 6446J, 207, 302000000, 503030500
726, 65J56, 991, 302000000, 504000405
727, 66JAA, 284, 302000000, 505001212
728, 66336, 746, 302000000, 505020205
729, 66677, 835, 302000000, 505050606
730, 66868, 329, 302000000, 505070507
731, 66Q6Q, 61, 302000000, 505100510
732, 66KK6, 29, 302000000, 505111105
733, 677J6, 925, 302000000, 506060005
734, 69969, 966, 302000000, 508080508
735, 6QQ6Q, 315, 302000000, 510100510
736, 6K6JK, 780, 302000000, 511050011
737, 6AAA6, 205, 302000000, 512121205
738, 7J788, 335, 302000000, 600060707
739, 77373, 267, 302000000, 606020602
740, 77557, 88, 302000000, 606040406
741, 777TT, 418, 302000000, 606060909
742, 777QQ, 652, 302000000, 606061010
743, 77KJK, 889, 302000000, 606110011
744, 78877, 316, 302000000, 607070606
745, 7TJ7T, 354, 302000000, 609000609
746, 7K7KK, 857, 302000000, 611061111
747, 8J833, 467, 302000000, 700070202
748, 8JAA8, 817, 302000000, 700121207
749, 82822, 710, 302000000, 701070101
750, 85588, 948, 302000000, 704040707
751, 889J9, 494, 302000000, 707080008
752, 88K8K, 260, 302000000, 707110711
753, 89898, 16, 302000000, 708070807
754, 89899, 733, 302000000, 708070808
755, 8T8T8, 272, 302000000, 709070907
756, 8AA88, 347, 302000000, 712120707
757, 9JJJ9, 500, 302000000, 800000008
758, 94949, 565, 302000000, 803080308
759, 99J77, 20, 302000000, 808000606
760, 99229, 624, 302000000, 808010108
761, 99333, 388, 302000000, 808020202
762, 99595, 700, 302000000, 808040804
763, 99T9T, 139, 302000000, 808090809
764, 9Q99Q, 620, 302000000, 810080810
765, 9Q9QJ, 668, 302000000, 810081000
766, 9QQQ9, 22, 302000000, 810101008
767, 9KJK9, 617, 302000000, 811001108
768, 9K99K, 993, 302000000, 811080811
769, TJQTQ, 435, 302000000, 900100910
770, T3T33, 492, 302000000, 902090202
771, T5TT5, 829, 302000000, 904090904
772, T6T66, 300, 302000000, 905090505
773, T88JT, 244, 302000000, 907070009
774, TT22T, 240, 302000000, 909010109
775, TT44J, 757, 302000000, 909030300
776, TT555, 683, 302000000, 909040404
777, TTT77, 594, 302000000, 909090606
778, TTKJK, 164, 302000000, 909110011
779, TTKKK, 736, 302000000, 909111111
780, TAATT, 210, 302000000, 912120909
781, Q3Q3Q, 724, 302000000, 1002100210
782, Q4Q44, 380, 302000000, 1003100303
783, Q6QJ6, 373, 302000000, 1005100005
784, Q88Q8, 402, 302000000, 1007071007
785, QQQTT, 524, 302000000, 1010100909
786, QKKQK, 630, 302000000, 1011111011
787, QAAQA, 310, 302000000, 1012121012
788, K222K, 557, 302000000, 1101010111
789, K4K4K, 191, 302000000, 1103110311
790, K5JK5, 490, 302000000, 1104001104
791, K6K6K, 475, 302000000, 1105110511
792, K9K9K, 581, 302000000, 1108110811
793, KQQQK, 807, 302000000, 1110101011
794, KKJ33, 593, 302000000, 1111000202
795, KKK88, 337, 302000000, 1111110707
796, AJQQA, 393, 302000000, 1200101012
797, A222A, 390, 302000000, 1201010112
798, A2A2A, 551, 302000000, 1201120112
799, A4AA4, 313, 302000000, 1203121203
800, A6A66, 43, 302000000, 1205120505
801, A9A9A, 511, 302000000, 1208120812
802, AQQAQ, 71, 302000000, 1210101210
803, AATTA, 409, 302000000, 1212090912
804, AAA33, 321, 302000000, 1212120202
805, JJ7K7, 249, 401000000, 61106
806, JJ838, 290, 401000000, 70207
807, JJ922, 237, 401000000, 80101
808, JJTAT, 879, 401000000, 91209
809, JJK9K, 574, 401000000, 110811
810, J22TJ, 874, 401000000, 1010900
811, J2777, 800, 401000000, 1060606
812, J5455, 141, 401000000, 4030404
813, J5552, 239, 401000000, 4040401
814, J5575, 220, 401000000, 4040604
815, J776J, 121, 401000000, 6060500
816, J7775, 299, 401000000, 6060604
817, J8JJJ, 271, 401000000, 7000000
818, J8388, 952, 401000000, 7020707
819, J88KJ, 465, 401000000, 7071100
820, J8TJ8, 332, 401000000, 7090007
821, J9TJT, 592, 401000000, 8090009
822, JTJT3, 709, 401000000, 9000902
823, JTT8T, 34, 401000000, 9090709
824, JTTT5, 845, 401000000, 9090904
825, JQJ55, 793, 401000000, 10000404
826, JQJQ3, 979, 401000000, 10001002
827, JKKK8, 641, 401000000, 11111107
828, JKKKQ, 654, 401000000, 11111110
829, 222JK, 443, 401000000, 101010011
830, 22223, 198, 401000000, 101010102
831, 22282, 833, 401000000, 101010701
832, 22522, 165, 401000000, 101040101
833, 2Q22J, 391, 401000000, 110010100
834, 3JJ36, 437, 401000000, 200000205
835, 3J393, 458, 401000000, 200020802
836, 3J3T3, 561, 401000000, 200020902
837, 33323, 215, 401000000, 202020102
838, 33338, 915, 401000000, 202020207
839, 33363, 841, 401000000, 202020502
840, 33373, 82, 401000000, 202020602
841, 333QJ, 23, 401000000, 202021000
842, 33T33, 486, 401000000, 202090202
843, 33K33, 406, 401000000, 202110202
844, 343J3, 531, 401000000, 203020002
845, 35333, 189, 401000000, 204020202
846, 37777, 182, 401000000, 206060606
847, 3TTTT, 136, 401000000, 209090909
848, 3Q333, 871, 401000000, 210020202
849, 3KJ33, 603, 401000000, 211000202
850, 3AAAA, 945, 401000000, 212121212
851, 44J34, 809, 401000000, 303000203
852, 44J6J, 610, 401000000, 303000500
853, 44244, 144, 401000000, 303010303
854, 44434, 399, 401000000, 303030203
855, 44448, 464, 401000000, 303030307
856, 4444K, 726, 401000000, 303030311
857, 44454, 647, 401000000, 303030403
858, 44644, 278, 401000000, 303050303
859, 49J44, 741, 401000000, 308000303
860, 49444, 339, 401000000, 308030303
861, 4T444, 320, 401000000, 309030303
862, 4Q444, 362, 401000000, 310030303
863, 4QQQQ, 172, 401000000, 310101010
864, 4A444, 830, 401000000, 312030303
865, 5J595, 138, 401000000, 400040804
866, 55J53, 256, 401000000, 404000402
867, 55J6J, 669, 401000000, 404000500
868, 55JQ5, 230, 401000000, 404001004
869, 55355, 936, 401000000, 404020404
870, 55525, 112, 401000000, 404040104
871, 55557, 118, 401000000, 404040406
872, 5555K, 869, 401000000, 404040411
873, 555AJ, 865, 401000000, 404041200
874, 55T55, 242, 401000000, 404090404
875, 55A55, 901, 401000000, 404120404
876, 56666, 383, 401000000, 405050505
877, 5TTTT, 876, 401000000, 409090909
878, 5Q555, 235, 401000000, 410040404
879, 5KJ55, 563, 401000000, 411000404
880, 6J466, 444, 401000000, 500030505
881, 6J66A, 731, 401000000, 500050512
882, 6J6T6, 999, 401000000, 500050905
883, 622J2, 649, 401000000, 501010001
884, 62222, 882, 401000000, 501010101
885, 655J5, 596, 401000000, 504040004
886, 66J69, 831, 401000000, 505000508
887, 66J76, 658, 401000000, 505000605
888, 6626J, 801, 401000000, 505010500
889, 66626, 884, 401000000, 505050105
890, 66676, 306, 401000000, 505050605
891, 6668J, 106, 401000000, 505050700
892, 66686, 663, 401000000, 505050705
893, 6Q666, 87, 401000000, 510050505
894, 6K6J6, 66, 401000000, 511050005
895, 72777, 193, 401000000, 601060606
896, 77J79, 425, 401000000, 606000608
897, 777JK, 67, 401000000, 606060011
898, 77767, 352, 401000000, 606060506
899, 77775, 58, 401000000, 606060604
900, 77797, 389, 401000000, 606060806
901, 77K77, 770, 401000000, 606110606
902, 787JJ, 739, 401000000, 607060000
903, 78777, 349, 401000000, 607060606
904, 7QQQQ, 365, 401000000, 610101010
905, 822J2, 546, 401000000, 701010001
906, 84888, 997, 401000000, 703070707
907, 85555, 51, 401000000, 704040404
908, 88J8K, 104, 401000000, 707000711
909, 88388, 63, 401000000, 707020707
910, 8885J, 591, 401000000, 707070400
911, 88886, 360, 401000000, 707070705
912, 88887, 970, 401000000, 707070706
913, 8888Q, 143, 401000000, 707070710
914, 8QQQJ, 679, 401000000, 710101000
915, 8K888, 445, 401000000, 711070707
916, 9J699, 949, 401000000, 800050808
917, 9J949, 908, 401000000, 800080308
918, 9JT99, 461, 401000000, 800090808
919, 92222, 452, 401000000, 801010101
920, 94999, 8, 401000000, 803080808
921, 96666, 734, 401000000, 805050505
922, 99J79, 834, 401000000, 808000608
923, 995J9, 608, 401000000, 808040008
924, 99969, 401, 401000000, 808080508
925, 99995, 432, 401000000, 808080804
926, 99997, 851, 401000000, 808080806
927, 999K9, 981, 401000000, 808081108
928, 99T99, 735, 401000000, 808090808
929, 99Q99, 117, 401000000, 808100808
930, TJ777, 123, 401000000, 900060606
931, T2222, 781, 401000000, 901010101
932, T4TTT, 86, 401000000, 903090909
933, T6JTT, 716, 401000000, 905000909
934, T6TTT, 304, 401000000, 905090909
935, T8JTJ, 159, 401000000, 907000900
936, T88J8, 516, 401000000, 907070007
937, T9TTT, 916, 401000000, 908090909
938, TTJAT, 57, 401000000, 909001209
939, TTTT2, 13, 401000000, 909090901
940, TKTTT, 526, 401000000, 911090909
941, TKKJK, 343, 401000000, 911110011
942, QJQAJ, 572, 401000000, 1000101200
943, Q2JQJ, 496, 401000000, 1001001000
944, Q4JQQ, 805, 401000000, 1003001010
945, Q9QQQ, 742, 401000000, 1008101010
946, QTTTT, 456, 401000000, 1009090909
947, QQ2QQ, 638, 401000000, 1010011010
948, QQ4JJ, 519, 401000000, 1010030000
949, QQ5QQ, 103, 401000000, 1010041010
950, QQ8QQ, 622, 401000000, 1010071010
951, QQQTQ, 755, 401000000, 1010100910
952, QQQQ3, 225, 401000000, 1010101002
953, QQQAQ, 472, 401000000, 1010101210
954, QAAAA, 873, 401000000, 1012121212
955, K2222, 59, 401000000, 1101010101
956, K5KKK, 243, 401000000, 1104111111
957, K9KKK, 713, 401000000, 1108111111
958, KQJJK, 743, 401000000, 1110000011
959, KQQQQ, 804, 401000000, 1110101010
960, KKK2K, 902, 401000000, 1111110111
961, KKKK6, 797, 401000000, 1111111105
962, KKKKA, 110, 401000000, 1111111112
963, AJJA3, 850, 401000000, 1200001202
964, AJ333, 105, 401000000, 1200020202
965, AJQQQ, 291, 401000000, 1200101010
966, A6666, 482, 401000000, 1205050505
967, ATTTT, 491, 401000000, 1209090909
968, AKKKJ, 786, 401000000, 1211111100
969, AAJ4A, 812, 401000000, 1212000312
970, AAJ5A, 988, 401000000, 1212000412
971, AA9AA, 124, 401000000, 1212081212
972, AATJA, 477, 401000000, 1212090012
973, AATAA, 3, 401000000, 1212091212
974, AAA7A, 540, 401000000, 1212120612
975, AAAA4, 276, 401000000, 1212121203
976, JJJJJ, 145, 500000000, 0
977, JJ444, 597, 500000000, 30303
978, JJ888, 614, 500000000, 70707
979, J3J33, 634, 500000000, 2000202
980, J6J66, 886, 500000000, 5000505
981, J9999, 995, 500000000, 8080808
982, JTTJT, 18, 500000000, 9090009
983, JTTTT, 116, 500000000, 9090909
984, JKKJK, 359, 500000000, 11110011
985, JKKKK, 50, 500000000, 11111111
986, 2J2J2, 355, 500000000, 100010001
987, 22J22, 618, 500000000, 101000101
988, 33J33, 896, 500000000, 202000202
989, 444J4, 752, 500000000, 303030003
990, 5J5J5, 99, 500000000, 400040004
991, 55J55, 840, 500000000, 404000404
992, 66J66, 725, 500000000, 505000505
993, 7JJ77, 729, 500000000, 600000606
994, 7777J, 860, 500000000, 606060600
995, 88J88, 738, 500000000, 707000707
996, 9JJ99, 823, 500000000, 800000808
997, QJQJQ, 761, 500000000, 1000100010
998, QQJQQ, 231, 500000000, 1010001010
999, AJAJA, 861, 500000000, 1200120012
1000, AAJAA, 317, 500000000, 1212001212
